video,frame,correct,note
challenge.mp4,1,1,both lane lines on painted markings
challenge.mp4,31,1,both lane lines on painted markings
challenge.mp4,61,1,both lane lines on painted markings
challenge.mp4,91,1,both lane lines on painted markings
challenge.mp4,121,1,both lane lines on painted markings
challenge.mp4,151,1,both lane lines on painted markings
challenge.mp4,181,1,both lane lines on painted markings
challenge.mp4,211,1,both lane lines on painted markings
challenge.mp4,241,1,both lane lines on painted markings
solidWhiteRight.mp4,1,1,both lane lines on painted markings
solidWhiteRight.mp4,31,1,both lane lines on painted markings
solidWhiteRight.mp4,61,1,both lane lines on painted markings
solidWhiteRight.mp4,91,1,both lane lines on painted markings
solidWhiteRight.mp4,121,1,both lane lines on painted markings
solidWhiteRight.mp4,151,1,both lane lines on painted markings
solidWhiteRight.mp4,181,1,both lane lines on painted markings
solidWhiteRight.mp4,211,1,both lane lines on painted markings
solidYellowLeft.mp4,1,1,both lane lines on painted markings
solidYellowLeft.mp4,31,1,both lane lines on painted markings
solidYellowLeft.mp4,61,1,both lane lines on painted markings
solidYellowLeft.mp4,91,1,both lane lines on painted markings
solidYellowLeft.mp4,121,1,both lane lines on painted markings
solidYellowLeft.mp4,151,1,both lane lines on painted markings
solidYellowLeft.mp4,181,1,both lane lines on painted markings
solidYellowLeft.mp4,211,1,both lane lines on painted markings
solidYellowLeft.mp4,241,1,both lane lines on painted markings
solidYellowLeft.mp4,271,1,both lane lines on painted markings
solidYellowLeft.mp4,301,1,both lane lines on painted markings
solidYellowLeft.mp4,331,1,both lane lines on painted markings
solidYellowLeft.mp4,361,1,both lane lines on painted markings
solidYellowLeft.mp4,391,1,both lane lines on painted markings
solidYellowLeft.mp4,421,1,both lane lines on painted markings
solidYellowLeft.mp4,451,1,both lane lines on painted markings
solidYellowLeft.mp4,481,1,both lane lines on painted markings
solidYellowLeft.mp4,511,1,both lane lines on painted markings
solidYellowLeft.mp4,541,1,both lane lines on painted markings
solidYellowLeft.mp4,571,1,both lane lines on painted markings
solidYellowLeft.mp4,601,1,both lane lines on painted markings
solidYellowLeft.mp4,631,1,both lane lines on painted markings
solidYellowLeft.mp4,661,1,both lane lines on painted markings
