num_frames,mota,idf1,precision,recall,num_switches,num_false_positives,num_misses,mostly_tracked,mostly_lost,sequence,method,camera,fps
525.0,-6.7,19.2,42.3,17.4,18.0,1252.0,4340.0,1.0,16.0,MOT16-09,low-level MOG2+IoU,static,8.6
525.0,42.0,53.0,71.3,71.9,51.0,1518.0,1478.0,12.0,3.0,MOT16-09,high-level YOLOv8n+ByteTrack,static,6.7
795.0,32.2,31.7,71.3,56.5,70.0,1058.0,2023.0,4.0,2.0,PETS09-S2L1,low-level MOG2+IoU,static,46.2
795.0,81.4,76.0,89.1,93.4,24.0,534.0,307.0,17.0,0.0,PETS09-S2L1,high-level YOLOv8n+ByteTrack,static,5.6
179.0,-51.3,14.7,19.6,16.3,9.0,772.0,968.0,1.0,7.0,TUD-Stadtmitte,low-level MOG2+IoU,static,56.0
179.0,74.7,77.3,90.0,85.2,12.0,110.0,171.0,7.0,0.0,TUD-Stadtmitte,high-level YOLOv8n+ByteTrack,static,5.8
71.0,-1.9,32.0,49.4,33.1,4.0,122.0,240.0,0.0,4.0,TUD-Campus,low-level MOG2+IoU,static,48.9
71.0,23.4,52.8,59.5,83.6,12.0,204.0,59.0,5.0,0.0,TUD-Campus,high-level YOLOv8n+ByteTrack,static,5.6
900.0,51.1,53.8,82.0,65.9,35.0,1324.0,3126.0,25.0,26.0,MOT16-11,high-level YOLOv8n+ByteTrack,moving,6.9
145.0,29.9,67.5,61.8,80.4,7.0,388.0,153.0,5.0,0.0,KITTI-17,high-level YOLOv8n+ByteTrack,moving,12.2
